IP地址,数据中心,地区,城市,网络延迟
172.67.71.90,HKG,亚太地区,香港,77 ms
172.67.70.43,HKG,亚太地区,香港,83 ms
172.67.75.144,HKG,亚太地区,香港,83 ms
162.159.141.32,HKG,亚太地区,香港,83 ms
172.67.65.172,HKG,亚太地区,香港,84 ms
172.67.73.144,HKG,亚太地区,香港,85 ms
162.159.130.122,HKG,亚太地区,香港,86 ms
172.67.79.247,HKG,亚太地区,香港,86 ms
104.20.30.2,HKG,亚太地区,香港,86 ms
104.26.5.216,HKG,亚太地区,香港,87 ms
104.26.12.168,HKG,亚太地区,香港,87 ms
104.20.28.33,HKG,亚太地区,香港,89 ms
162.159.142.227,HKG,亚太地区,香港,89 ms
104.26.4.197,HKG,亚太地区,香港,89 ms
104.20.24.132,HKG,亚太地区,香港,89 ms
104.20.31.130,HKG,亚太地区,香港,89 ms
104.26.3.249,HKG,亚太地区,香港,90 ms
104.20.21.202,HKG,亚太地区,香港,90 ms
162.159.134.172,HKG,亚太地区,香港,91 ms
172.67.77.253,HKG,亚太地区,香港,91 ms
104.26.15.234,HKG,亚太地区,香港,91 ms
162.159.153.111,HKG,亚太地区,香港,92 ms
162.159.128.157,HKG,亚太地区,香港,93 ms
162.159.152.249,HKG,亚太地区,香港,94 ms
104.20.23.104,HKG,亚太地区,香港,96 ms
104.26.7.225,HKG,亚太地区,香港,97 ms
162.159.137.120,HKG,亚太地区,香港,97 ms
104.20.27.130,HKG,亚太地区,香港,98 ms
172.65.226.22,HKG,亚太地区,香港,100 ms
104.26.14.193,HKG,亚太地区,香港,100 ms
104.20.25.140,HKG,亚太地区,香港,100 ms
172.67.78.97,HKG,亚太地区,香港,101 ms
104.16.40.232,SJC,北美洲,圣何塞,150 ms
104.19.240.186,SJC,北美洲,圣何塞,151 ms
104.17.66.8,SJC,北美洲,圣何塞,152 ms
104.18.87.59,SJC,北美洲,圣何塞,152 ms
104.18.83.248,SJC,北美洲,圣何塞,153 ms
104.18.253.36,SJC,北美洲,圣何塞,153 ms
104.19.238.246,SJC,北美洲,圣何塞,153 ms
104.16.47.1,SJC,北美洲,圣何塞,154 ms
104.19.246.67,SJC,北美洲,圣何塞,154 ms
104.18.64.38,SJC,北美洲,圣何塞,154 ms
104.16.57.1,SJC,北美洲,圣何塞,155 ms
104.17.99.197,SJC,北美洲,圣何塞,155 ms
104.16.39.207,SJC,北美洲,圣何塞,155 ms
104.18.86.242,SJC,北美洲,圣何塞,155 ms
104.17.61.243,SJC,北美洲,圣何塞,155 ms
104.21.238.85,SJC,北美洲,圣何塞,155 ms
104.17.85.184,SJC,北美洲,圣何塞,155 ms
104.19.161.146,SJC,北美洲,圣何塞,155 ms
104.16.26.189,SJC,北美洲,圣何塞,155 ms
104.18.188.156,SJC,北美洲,圣何塞,156 ms
104.19.228.183,SJC,北美洲,圣何塞,156 ms
104.18.233.173,SJC,北美洲,圣何塞,156 ms
104.18.243.62,SJC,北美洲,圣何塞,157 ms
104.19.212.246,SJC,北美洲,圣何塞,157 ms
104.18.236.110,SJC,北美洲,圣何塞,157 ms
104.17.240.145,SJC,北美洲,圣何塞,157 ms
104.17.241.72,SJC,北美洲,圣何塞,157 ms
104.16.235.111,SJC,北美洲,圣何塞,157 ms
104.16.201.29,SJC,北美洲,圣何塞,157 ms
104.17.217.252,SJC,北美洲,圣何塞,157 ms
104.18.186.193,SJC,北美洲,圣何塞,157 ms
104.16.250.82,SJC,北美洲,圣何塞,158 ms
104.18.206.86,SJC,北美洲,圣何塞,158 ms
104.17.57.149,SJC,北美洲,圣何塞,158 ms
104.17.73.224,SJC,北美洲,圣何塞,158 ms
104.17.20.190,SJC,北美洲,圣何塞,158 ms
104.16.227.9,SJC,北美洲,圣何塞,159 ms
104.16.206.199,SJC,北美洲,圣何塞,159 ms
104.17.244.19,SJC,北美洲,圣何塞,159 ms
104.17.189.182,SJC,北美洲,圣何塞,159 ms
104.16.80.58,SJC,北美洲,圣何塞,159 ms
104.17.163.215,SJC,北美洲,圣何塞,159 ms
104.17.171.12,SJC,北美洲,圣何塞,160 ms
104.17.70.107,SJC,北美洲,圣何塞,160 ms
104.19.253.243,SJC,北美洲,圣何塞,160 ms
104.18.66.82,SJC,北美洲,圣何塞,161 ms
104.17.115.40,SJC,北美洲,圣何塞,161 ms
104.17.238.189,SJC,北美洲,圣何塞,161 ms
104.17.248.164,SJC,北美洲,圣何塞,161 ms
104.16.79.47,SJC,北美洲,圣何塞,162 ms
104.18.124.100,SJC,北美洲,圣何塞,162 ms
104.19.231.65,SJC,北美洲,圣何塞,162 ms
104.17.211.158,SJC,北美洲,圣何塞,162 ms
104.18.225.68,SJC,北美洲,圣何塞,162 ms
104.19.176.183,SJC,北美洲,圣何塞,163 ms
104.16.178.124,SJC,北美洲,圣何塞,163 ms
104.16.246.127,SJC,北美洲,圣何塞,163 ms
104.16.173.9,SJC,北美洲,圣何塞,164 ms
104.18.195.29,SJC,北美洲,圣何塞,164 ms
104.16.42.142,SJC,北美洲,圣何塞,165 ms
104.16.254.128,SJC,北美洲,圣何塞,165 ms
104.17.255.71,SJC,北美洲,圣何塞,165 ms
104.17.156.99,SJC,北美洲,圣何塞,165 ms
104.18.194.241,SJC,北美洲,圣何塞,165 ms
104.17.2.244,SJC,北美洲,圣何塞,166 ms
104.17.208.150,SJC,北美洲,圣何塞,167 ms
104.18.221.209,SJC,北美洲,圣何塞,167 ms
104.16.46.87,SJC,北美洲,圣何塞,167 ms
104.17.172.183,SJC,北美洲,圣何塞,167 ms
104.17.113.169,SJC,北美洲,圣何塞,167 ms
104.17.48.153,SJC,北美洲,圣何塞,167 ms
104.17.55.23,SJC,北美洲,圣何塞,168 ms
104.16.90.203,SJC,北美洲,圣何塞,168 ms
104.21.233.125,SJC,北美洲,圣何塞,168 ms
104.17.195.216,SJC,北美洲,圣何塞,168 ms
104.16.121.96,SJC,北美洲,圣何塞,169 ms
104.17.246.99,SJC,北美洲,圣何塞,170 ms
104.19.214.171,SJC,北美洲,圣何塞,170 ms
104.16.95.192,SJC,北美洲,圣何塞,170 ms
104.16.51.191,SJC,北美洲,圣何塞,170 ms
104.16.105.172,SJC,北美洲,圣何塞,171 ms
104.16.138.163,SJC,北美洲,圣何塞,171 ms
104.19.155.219,SJC,北美洲,圣何塞,171 ms
104.17.168.200,SJC,北美洲,圣何塞,172 ms
104.16.155.196,SJC,北美洲,圣何塞,172 ms
104.16.96.249,SJC,北美洲,圣何塞,172 ms
104.16.34.124,SJC,北美洲,圣何塞,173 ms
104.16.63.204,SJC,北美洲,圣何塞,173 ms
192.133.11.248,LAX,北美洲,洛杉矶,173 ms
104.18.127.166,SJC,北美洲,圣何塞,174 ms
104.17.123.75,SJC,北美洲,圣何塞,174 ms
104.17.77.57,SJC,北美洲,圣何塞,174 ms
104.19.146.230,SJC,北美洲,圣何塞,174 ms
198.41.205.44,LAX,北美洲,洛杉矶,174 ms
104.27.109.210,LAX,北美洲,洛杉矶,174 ms
104.17.145.105,SJC,北美洲,圣何塞,175 ms
104.18.116.72,SJC,北美洲,圣何塞,175 ms
104.23.98.96,LAX,北美洲,洛杉矶,175 ms
104.17.32.76,SJC,北美洲,圣何塞,175 ms
104.18.117.184,SJC,北美洲,圣何塞,175 ms
104.17.91.2,SJC,北美洲,圣何塞,175 ms
104.17.242.180,SJC,北美洲,圣何塞,175 ms
104.17.250.8,SJC,北美洲,圣何塞,175 ms
104.18.162.120,SJC,北美洲,圣何塞,175 ms
104.16.219.17,SJC,北美洲,圣何塞,175 ms
104.19.175.108,SJC,北美洲,圣何塞,176 ms
104.17.239.43,SJC,北美洲,圣何塞,176 ms
104.18.166.237,SJC,北美洲,圣何塞,176 ms
104.16.21.131,SJC,北美洲,圣何塞,176 ms
104.21.27.236,LAX,北美洲,洛杉矶,176 ms
104.19.229.224,SJC,北美洲,圣何塞,176 ms
104.27.45.181,LAX,北美洲,洛杉矶,176 ms
104.27.46.146,LAX,北美洲,洛杉矶,176 ms
104.18.91.183,SJC,北美洲,圣何塞,177 ms
104.16.158.127,SJC,北美洲,圣何塞,177 ms
104.17.84.217,SJC,北美洲,圣何塞,177 ms
104.19.147.13,SJC,北美洲,圣何塞,177 ms
104.17.199.61,SJC,北美洲,圣何塞,177 ms
185.174.138.248,LAX,北美洲,洛杉矶,177 ms
104.24.151.248,LAX,北美洲,洛杉矶,177 ms
104.17.151.57,SJC,北美洲,圣何塞,177 ms
104.19.224.127,SJC,北美洲,圣何塞,177 ms
104.18.171.8,SJC,北美洲,圣何塞,177 ms
104.17.224.214,SJC,北美洲,圣何塞,177 ms
104.18.173.24,SJC,北美洲,圣何塞,178 ms
104.20.100.207,LAX,北美洲,洛杉矶,178 ms
104.17.159.50,SJC,北美洲,圣何塞,178 ms
104.18.112.2,SJC,北美洲,圣何塞,178 ms
104.16.16.244,SJC,北美洲,圣何塞,178 ms
104.18.98.0,SJC,北美洲,圣何塞,178 ms
104.18.13.135,LAX,北美洲,洛杉矶,178 ms
104.18.227.132,SJC,北美洲,圣何塞,178 ms
104.18.105.4,SJC,北美洲,圣何塞,178 ms
104.17.18.50,SJC,北美洲,圣何塞,178 ms
104.17.175.230,SJC,北美洲,圣何塞,178 ms
104.19.248.22,SJC,北美洲,圣何塞,178 ms
104.16.161.15,SJC,北美洲,圣何塞,179 ms
104.16.45.163,SJC,北美洲,圣何塞,179 ms
104.16.252.89,SJC,北美洲,圣何塞,179 ms
172.67.171.61,LAX,北美洲,洛杉矶,179 ms
172.64.38.72,LAX,北美洲,洛杉矶,179 ms
104.17.132.242,SJC,北美洲,圣何塞,179 ms
104.17.143.36,SJC,北美洲,圣何塞,179 ms
104.17.180.152,SJC,北美洲,圣何塞,179 ms
104.17.16.93,SJC,北美洲,圣何塞,179 ms
104.16.157.224,SJC,北美洲,圣何塞,179 ms
104.17.119.145,SJC,北美洲,圣何塞,179 ms
104.18.33.49,LAX,北美洲,洛杉矶,179 ms
162.159.4.3,LAX,北美洲,洛杉矶,179 ms
104.18.121.5,SJC,北美洲,圣何塞,179 ms
104.18.187.15,SJC,北美洲,圣何塞,179 ms
104.17.223.181,SJC,北美洲,圣何塞,179 ms
104.16.249.142,SJC,北美洲,圣何塞,179 ms
104.18.15.230,LAX,北美洲,洛杉矶,180 ms
104.17.225.14,SJC,北美洲,圣何塞,180 ms
104.18.37.109,LAX,北美洲,洛杉矶,180 ms
104.18.99.22,SJC,北美洲,圣何塞,180 ms
104.19.215.202,SJC,北美洲,圣何塞,180 ms
104.27.107.44,LAX,北美洲,洛杉矶,180 ms
104.17.21.106,SJC,北美洲,圣何塞,180 ms
104.17.23.54,SJC,北美洲,圣何塞,180 ms
104.16.52.21,SJC,北美洲,圣何塞,180 ms
104.17.149.145,SJC,北美洲,圣何塞,180 ms
104.18.185.148,SJC,北美洲,圣何塞,180 ms
172.67.238.16,LAX,北美洲,洛杉矶,180 ms
104.19.226.208,SJC,北美洲,圣何塞,180 ms
104.17.33.225,SJC,北美洲,圣何塞,180 ms
185.251.82.95,LAX,北美洲,洛杉矶,180 ms
104.17.182.138,SJC,北美洲,圣何塞,180 ms
104.18.25.196,LAX,北美洲,洛杉矶,180 ms
104.17.161.76,SJC,北美洲,圣何塞,180 ms
104.19.210.255,SJC,北美洲,圣何塞,180 ms
104.18.232.239,SJC,北美洲,圣何塞,180 ms
172.67.82.64,LAX,北美洲,洛杉矶,180 ms
172.67.192.147,LAX,北美洲,洛杉矶,180 ms
104.17.75.6,SJC,北美洲,圣何塞,181 ms
104.17.17.243,SJC,北美洲,圣何塞,181 ms
104.16.148.165,SJC,北美洲,圣何塞,181 ms
172.64.165.191,LAX,北美洲,洛杉矶,181 ms
104.17.134.129,SJC,北美洲,圣何塞,181 ms
104.18.180.225,SJC,北美洲,圣何塞,181 ms
104.21.236.95,SJC,北美洲,圣何塞,181 ms
104.21.237.49,SJC,北美洲,圣何塞,181 ms
104.24.219.28,LAX,北美洲,洛杉矶,181 ms
162.159.249.118,LAX,北美洲,洛杉矶,181 ms
185.135.9.55,LAX,北美洲,洛杉矶,181 ms
104.18.76.105,SJC,北美洲,圣何塞,181 ms
172.67.49.93,LAX,北美洲,洛杉矶,181 ms
172.67.216.208,LAX,北美洲,洛杉矶,181 ms
104.25.244.115,LAX,北美洲,洛杉矶,181 ms
104.18.118.10,SJC,北美洲,圣何塞,181 ms
104.18.130.239,SJC,北美洲,圣何塞,181 ms
104.18.129.82,SJC,北美洲,圣何塞,181 ms
172.64.109.175,LAX,北美洲,洛杉矶,181 ms
104.20.69.148,LAX,北美洲,洛杉矶,181 ms
104.19.191.157,SJC,北美洲,圣何塞,181 ms
104.18.122.210,SJC,北美洲,圣何塞,181 ms
104.17.142.0,SJC,北美洲,圣何塞,181 ms
104.17.221.57,SJC,北美洲,圣何塞,181 ms
104.17.76.128,SJC,北美洲,圣何塞,182 ms
104.19.164.234,SJC,北美洲,圣何塞,182 ms
104.18.104.59,SJC,北美洲,圣何塞,182 ms
104.24.215.60,LAX,北美洲,洛杉矶,182 ms
104.18.222.100,SJC,北美洲,圣何塞,182 ms
104.16.207.147,SJC,北美洲,圣何塞,182 ms
104.16.168.68,SJC,北美洲,圣何塞,182 ms
104.16.224.92,SJC,北美洲,圣何塞,182 ms
104.17.97.119,SJC,北美洲,圣何塞,182 ms
104.16.125.14,SJC,北美洲,圣何塞,182 ms
104.16.53.156,SJC,北美洲,圣何塞,182 ms
104.19.255.159,SJC,北美洲,圣何塞,182 ms
162.159.40.131,LAX,北美洲,洛杉矶,182 ms
104.16.226.120,SJC,北美洲,圣何塞,182 ms
198.41.208.106,SJC,北美洲,圣何塞,182 ms
104.17.228.148,SJC,北美洲,圣何塞,182 ms
104.17.101.129,SJC,北美洲,圣何塞,182 ms
104.20.111.225,LAX,北美洲,洛杉矶,182 ms
104.19.67.141,LAX,北美洲,洛杉矶,182 ms
104.18.217.193,SJC,北美洲,圣何塞,182 ms
172.67.3.133,LAX,北美洲,洛杉矶,182 ms
104.17.63.160,SJC,北美洲,圣何塞,182 ms
104.16.31.20,SJC,北美洲,圣何塞,182 ms
104.17.90.14,SJC,北美洲,圣何塞,182 ms
104.16.181.113,SJC,北美洲,圣何塞,183 ms
172.67.28.225,LAX,北美洲,洛杉矶,183 ms
195.85.59.46,LAX,北美洲,洛杉矶,183 ms
45.95.241.205,LAX,北美洲,洛杉矶,183 ms
104.20.170.67,LAX,北美洲,洛杉矶,183 ms
104.16.208.79,SJC,北美洲,圣何塞,183 ms
104.17.167.181,SJC,北美洲,圣何塞,183 ms
88.216.67.98,LAX,北美洲,洛杉矶,183 ms
104.17.150.23,SJC,北美洲,圣何塞,183 ms
94.140.0.74,LAX,北美洲,洛杉矶,183 ms
172.67.14.152,LAX,北美洲,洛杉矶,183 ms
156.252.3.174,LAX,北美洲,洛杉矶,183 ms
104.19.249.233,SJC,北美洲,圣何塞,183 ms
89.116.180.208,LAX,北美洲,洛杉矶,183 ms
104.17.230.207,SJC,北美洲,圣何塞,183 ms
147.185.161.154,LAX,北美洲,洛杉矶,183 ms
104.19.15.216,LAX,北美洲,洛杉矶,183 ms
172.67.39.205,LAX,北美洲,洛杉矶,183 ms
104.19.170.213,SJC,北美洲,圣何塞,183 ms
104.22.24.8,LAX,北美洲,洛杉矶,183 ms
104.19.36.128,LAX,北美洲,洛杉矶,183 ms
104.16.229.120,SJC,北美洲,圣何塞,183 ms
104.20.116.153,LAX,北美洲,洛杉矶,184 ms
104.19.222.226,SJC,北美洲,圣何塞,184 ms
104.24.211.46,LAX,北美洲,洛杉矶,184 ms
104.19.179.82,SJC,北美洲,圣何塞,184 ms
172.64.84.131,LAX,北美洲,洛杉矶,184 ms
172.64.82.51,LAX,北美洲,洛杉矶,184 ms
104.24.232.203,LAX,北美洲,洛杉矶,184 ms
104.17.86.104,SJC,北美洲,圣何塞,184 ms
104.20.196.159,LAX,北美洲,洛杉矶,184 ms
104.19.5.202,LAX,北美洲,洛杉矶,184 ms
104.22.15.112,LAX,北美洲,洛杉矶,184 ms
172.64.228.41,LAX,北美洲,洛杉矶,184 ms
104.18.47.116,LAX,北美洲,洛杉矶,184 ms
104.17.34.203,SJC,北美洲,圣何塞,184 ms
172.64.97.108,LAX,北美洲,洛杉矶,184 ms
104.25.249.162,LAX,北美洲,洛杉矶,184 ms
104.19.230.239,SJC,北美洲,圣何塞,184 ms
104.25.234.2,LAX,北美洲,洛杉矶,184 ms
104.17.111.96,SJC,北美洲,圣何塞,184 ms
104.17.112.213,SJC,北美洲,圣何塞,184 ms
104.18.81.239,SJC,北美洲,圣何塞,184 ms
104.16.162.223,SJC,北美洲,圣何塞,184 ms
104.16.71.92,SJC,北美洲,圣何塞,184 ms
104.27.5.101,LAX,北美洲,洛杉矶,184 ms
104.21.40.32,LAX,北美洲,洛杉矶,184 ms
104.16.82.234,SJC,北美洲,圣何塞,184 ms
104.20.14.10,LAX,北美洲,洛杉矶,184 ms
104.18.75.27,SJC,北美洲,圣何塞,184 ms
199.181.197.253,LAX,北美洲,洛杉矶,184 ms
104.21.235.221,SJC,北美洲,圣何塞,184 ms
104.25.168.216,LAX,北美洲,洛杉矶,184 ms
104.24.91.141,LAX,北美洲,洛杉矶,184 ms
104.23.118.84,LAX,北美洲,洛杉矶,184 ms
104.17.186.100,SJC,北美洲,圣何塞,184 ms
104.16.38.223,SJC,北美洲,圣何塞,184 ms
172.67.176.2,LAX,北美洲,洛杉矶,184 ms
104.16.232.24,SJC,北美洲,圣何塞,184 ms
104.20.6.191,LAX,北美洲,洛杉矶,184 ms
104.20.148.227,LAX,北美洲,洛杉矶,184 ms
104.24.155.146,LAX,北美洲,洛杉矶,184 ms
104.18.238.77,SJC,北美洲,圣何塞,185 ms
104.17.164.246,SJC,北美洲,圣何塞,185 ms
104.16.32.225,SJC,北美洲,圣何塞,185 ms
104.17.93.102,SJC,北美洲,圣何塞,185 ms
104.17.179.86,SJC,北美洲,圣何塞,185 ms
172.67.135.12,LAX,北美洲,洛杉矶,185 ms
104.18.22.239,LAX,北美洲,洛杉矶,185 ms
104.20.151.185,LAX,北美洲,洛杉矶,185 ms
172.67.27.109,LAX,北美洲,洛杉矶,185 ms
66.81.247.183,LAX,北美洲,洛杉矶,185 ms
104.24.144.122,LAX,北美洲,洛杉矶,185 ms
104.17.147.196,SJC,北美洲,圣何塞,185 ms
104.16.110.14,SJC,北美洲,圣何塞,185 ms
104.20.115.67,LAX,北美洲,洛杉矶,185 ms
104.17.237.226,SJC,北美洲,圣何塞,185 ms
104.19.116.129,LAX,北美洲,洛杉矶,185 ms
104.20.107.45,LAX,北美洲,洛杉矶,185 ms
104.16.192.185,SJC,北美洲,圣何塞,185 ms
194.36.55.186,LAX,北美洲,洛杉矶,185 ms
172.67.243.179,LAX,北美洲,洛杉矶,185 ms
172.64.152.167,LAX,北美洲,洛杉矶,185 ms
104.19.10.232,LAX,北美洲,洛杉矶,185 ms
162.159.18.87,LAX,北美洲,洛杉矶,185 ms
185.162.228.227,LAX,北美洲,洛杉矶,185 ms
104.17.154.249,SJC,北美洲,圣何塞,185 ms
104.25.5.41,LAX,北美洲,洛杉矶,185 ms
104.23.133.193,LAX,北美洲,洛杉矶,185 ms
192.65.217.100,LAX,北美洲,洛杉矶,185 ms
146.19.21.38,LAX,北美洲,洛杉矶,186 ms
104.16.67.15,SJC,北美洲,圣何塞,186 ms
104.25.88.15,LAX,北美洲,洛杉矶,186 ms
104.16.153.251,SJC,北美洲,圣何塞,186 ms
104.17.213.185,SJC,北美洲,圣何塞,186 ms
104.17.127.57,SJC,北美洲,圣何塞,186 ms
104.22.30.215,LAX,北美洲,洛杉矶,186 ms
104.19.83.220,LAX,北美洲,洛杉矶,186 ms
104.24.238.140,LAX,北美洲,洛杉矶,186 ms
104.19.35.72,LAX,北美洲,洛杉矶,186 ms
104.17.68.14,SJC,北美洲,圣何塞,186 ms
162.159.250.49,LAX,北美洲,洛杉矶,186 ms
104.25.92.91,LAX,北美洲,洛杉矶,186 ms
104.27.29.11,LAX,北美洲,洛杉矶,186 ms
104.24.62.230,LAX,北美洲,洛杉矶,186 ms
104.23.116.254,LAX,北美洲,洛杉矶,186 ms
104.16.19.60,SJC,北美洲,圣何塞,186 ms
104.22.16.50,LAX,北美洲,洛杉矶,186 ms
104.24.169.245,LAX,北美洲,洛杉矶,186 ms
104.16.92.97,SJC,北美洲,圣何塞,186 ms
104.18.211.134,SJC,北美洲,圣何塞,186 ms
104.16.103.15,SJC,北美洲,圣何塞,186 ms
104.19.232.223,SJC,北美洲,圣何塞,186 ms
104.18.95.124,SJC,北美洲,圣何塞,186 ms
172.67.154.185,LAX,北美洲,洛杉矶,186 ms
104.17.79.216,SJC,北美洲,圣何塞,186 ms
104.16.167.192,SJC,北美洲,圣何塞,186 ms
172.64.198.238,LAX,北美洲,洛杉矶,186 ms
172.67.47.105,LAX,北美洲,洛杉矶,186 ms
104.19.135.210,LAX,北美洲,洛杉矶,186 ms
104.24.193.224,LAX,北美洲,洛杉矶,186 ms
154.197.64.55,LAX,北美洲,洛杉矶,186 ms
172.67.96.45,LAX,北美洲,洛杉矶,186 ms
172.64.102.144,LAX,北美洲,洛杉矶,186 ms
104.20.68.232,LAX,北美洲,洛杉矶,186 ms
104.21.239.179,SJC,北美洲,圣何塞,186 ms
45.8.211.171,LAX,北美洲,洛杉矶,186 ms
104.20.222.7,LAX,北美洲,洛杉矶,186 ms
104.16.193.132,SJC,北美洲,圣何塞,186 ms
104.24.171.101,LAX,北美洲,洛杉矶,186 ms
104.18.177.60,SJC,北美洲,圣何塞,186 ms
104.24.17.143,LAX,北美洲,洛杉矶,186 ms
104.20.101.37,LAX,北美洲,洛杉矶,186 ms
104.19.7.168,LAX,北美洲,洛杉矶,186 ms
104.21.229.226,SJC,北美洲,圣何塞,186 ms
104.24.173.220,LAX,北美洲,洛杉矶,186 ms
104.22.19.59,LAX,北美洲,洛杉矶,186 ms
172.67.188.153,LAX,北美洲,洛杉矶,186 ms
104.16.87.241,SJC,北美洲,圣何塞,186 ms
104.24.164.60,LAX,北美洲,洛杉矶,187 ms
104.24.166.242,LAX,北美洲,洛杉矶,187 ms
104.19.217.181,SJC,北美洲,圣何塞,187 ms
104.20.1.215,LAX,北美洲,洛杉矶,187 ms
104.25.33.234,LAX,北美洲,洛杉矶,187 ms
104.18.29.115,LAX,北美洲,洛杉矶,187 ms
104.19.98.186,LAX,北美洲,洛杉矶,187 ms
104.16.49.79,SJC,北美洲,圣何塞,187 ms
104.18.93.172,SJC,北美洲,圣何塞,187 ms
104.20.152.210,LAX,北美洲,洛杉矶,187 ms
172.67.197.237,LAX,北美洲,洛杉矶,187 ms
172.67.195.114,LAX,北美洲,洛杉矶,187 ms
104.20.198.20,LAX,北美洲,洛杉矶,187 ms
104.16.213.62,SJC,北美洲,圣何塞,187 ms
172.67.172.250,LAX,北美洲,洛杉矶,187 ms
104.21.45.119,LAX,北美洲,洛杉矶,187 ms
104.21.44.43,LAX,北美洲,洛杉矶,187 ms
104.22.10.148,LAX,北美洲,洛杉矶,187 ms
104.27.91.129,LAX,北美洲,洛杉矶,187 ms
104.25.164.13,LAX,北美洲,洛杉矶,187 ms
172.67.226.131,LAX,北美洲,洛杉矶,187 ms
104.20.11.185,LAX,北美洲,洛杉矶,187 ms
104.18.24.247,LAX,北美洲,洛杉矶,187 ms
104.19.16.172,LAX,北美洲,洛杉矶,187 ms
62.72.166.232,LAX,北美洲,洛杉矶,187 ms
172.64.86.140,LAX,北美洲,洛杉矶,187 ms
104.27.34.60,LAX,北美洲,洛杉矶,187 ms
104.20.0.88,LAX,北美洲,洛杉矶,187 ms
104.19.62.11,LAX,北美洲,洛杉矶,187 ms
104.20.158.224,LAX,北美洲,洛杉矶,187 ms
104.16.4.35,SJC,北美洲,圣何塞,187 ms
104.16.241.116,SJC,北美洲,圣何塞,187 ms
104.18.36.244,LAX,北美洲,洛杉矶,187 ms
104.16.199.11,SJC,北美洲,圣何塞,187 ms
104.17.187.183,SJC,北美洲,圣何塞,187 ms
104.19.65.177,LAX,北美洲,洛杉矶,187 ms
104.25.17.25,LAX,北美洲,洛杉矶,187 ms
172.67.168.193,LAX,北美洲,洛杉矶,187 ms
104.22.17.104,LAX,北美洲,洛杉矶,187 ms
104.17.53.206,SJC,北美洲,圣何塞,187 ms
104.18.120.114,SJC,北美洲,圣何塞,187 ms
172.64.202.253,LAX,北美洲,洛杉矶,188 ms
104.19.60.131,LAX,北美洲,洛杉矶,188 ms
104.20.206.246,LAX,北美洲,洛杉矶,188 ms
104.20.234.80,LAX,北美洲,洛杉矶,188 ms
172.67.149.146,LAX,北美洲,洛杉矶,188 ms
104.25.31.112,LAX,北美洲,洛杉矶,188 ms
190.93.244.137,SJC,北美洲,圣何塞,188 ms
104.18.165.135,SJC,北美洲,圣何塞,188 ms
162.159.20.22,LAX,北美洲,洛杉矶,188 ms
104.25.36.165,LAX,北美洲,洛杉矶,188 ms
104.18.102.229,SJC,北美洲,圣何塞,188 ms
104.16.1.226,SJC,北美洲,圣何塞,188 ms
104.16.56.171,SJC,北美洲,圣何塞,188 ms
104.19.6.79,LAX,北美洲,洛杉矶,188 ms
198.41.206.65,LAX,北美洲,洛杉矶,188 ms
104.17.121.105,SJC,北美洲,圣何塞,188 ms
104.20.102.10,LAX,北美洲,洛杉矶,188 ms
104.24.185.214,LAX,北美洲,洛杉矶,188 ms
172.67.208.21,LAX,北美洲,洛杉矶,188 ms
104.24.205.64,LAX,北美洲,洛杉矶,188 ms
104.20.181.221,LAX,北美洲,洛杉矶,188 ms
104.27.6.38,LAX,北美洲,洛杉矶,188 ms
104.24.132.10,LAX,北美洲,洛杉矶,188 ms
172.67.152.54,LAX,北美洲,洛杉矶,188 ms
104.17.158.133,SJC,北美洲,圣何塞,188 ms
104.23.115.235,LAX,北美洲,洛杉矶,188 ms
104.17.218.122,SJC,北美洲,圣何塞,188 ms
104.27.32.202,LAX,北美洲,洛杉矶,188 ms
104.20.169.90,LAX,北美洲,洛杉矶,188 ms
104.20.173.216,LAX,北美洲,洛杉矶,188 ms
104.20.63.221,LAX,北美洲,洛杉矶,188 ms
172.65.213.135,CDG,欧洲,巴黎,188 ms
108.165.216.153,LAX,北美洲,洛杉矶,188 ms
104.25.172.14,LAX,北美洲,洛杉矶,188 ms
172.67.35.165,LAX,北美洲,洛杉矶,188 ms
104.20.109.191,LAX,北美洲,洛杉矶,188 ms
104.20.254.185,LAX,北美洲,洛杉矶,188 ms
172.67.134.80,LAX,北美洲,洛杉矶,188 ms
104.20.167.125,LAX,北美洲,洛杉矶,188 ms
104.20.201.223,LAX,北美洲,洛杉矶,188 ms
104.18.74.85,SJC,北美洲,圣何塞,189 ms
172.64.163.153,LAX,北美洲,洛杉矶,189 ms
104.17.176.241,SJC,北美洲,圣何塞,189 ms
104.20.80.85,LAX,北美洲,洛杉矶,189 ms
172.67.9.117,LAX,北美洲,洛杉矶,189 ms
104.19.48.211,LAX,北美洲,洛杉矶,189 ms
104.17.3.203,SJC,北美洲,圣何塞,189 ms
104.20.67.194,LAX,北美洲,洛杉矶,189 ms
185.162.229.31,LAX,北美洲,洛杉矶,189 ms
185.162.231.180,LAX,北美洲,洛杉矶,189 ms
141.101.113.199,LAX,北美洲,洛杉矶,189 ms
104.19.79.255,LAX,北美洲,洛杉矶,189 ms
104.24.200.12,LAX,北美洲,洛杉矶,189 ms
104.27.100.236,LAX,北美洲,洛杉矶,189 ms
104.24.252.96,LAX,北美洲,洛杉矶,189 ms
104.24.254.191,LAX,北美洲,洛杉矶,189 ms
104.17.235.150,SJC,北美洲,圣何塞,189 ms
104.17.170.174,SJC,北美洲,圣何塞,189 ms
156.252.2.118,LAX,北美洲,洛杉矶,189 ms
104.20.185.51,LAX,北美洲,洛杉矶,189 ms
104.21.52.20,LAX,北美洲,洛杉矶,189 ms
104.24.204.58,LAX,北美洲,洛杉矶,189 ms
172.67.89.87,LAX,北美洲,洛杉矶,189 ms
104.25.133.30,LAX,北美洲,洛杉矶,189 ms
162.159.253.107,LAX,北美洲,洛杉矶,189 ms
198.41.220.46,LAX,北美洲,洛杉矶,189 ms
185.148.104.228,LAX,北美洲,洛杉矶,189 ms
104.19.86.210,LAX,北美洲,洛杉矶,189 ms
104.18.163.11,SJC,北美洲,圣何塞,189 ms
104.19.34.208,LAX,北美洲,洛杉矶,189 ms
104.24.150.113,LAX,北美洲,洛杉矶,189 ms
104.27.87.225,LAX,北美洲,洛杉矶,189 ms
104.20.79.157,LAX,北美洲,洛杉矶,189 ms
104.19.74.111,LAX,北美洲,洛杉矶,189 ms
104.20.168.3,LAX,北美洲,洛杉矶,189 ms
172.67.221.161,LAX,北美洲,洛杉矶,189 ms
172.67.141.242,LAX,北美洲,洛杉矶,189 ms
172.67.194.65,LAX,北美洲,洛杉矶,189 ms
172.64.167.196,LAX,北美洲,洛杉矶,189 ms
104.18.248.59,SJC,北美洲,圣何塞,190 ms
104.20.163.95,LAX,北美洲,洛杉矶,190 ms
104.25.109.182,LAX,北美洲,洛杉矶,190 ms
141.101.123.178,LAX,北美洲,洛杉矶,190 ms
104.25.22.224,LAX,北美洲,洛杉矶,190 ms
104.25.23.116,LAX,北美洲,洛杉矶,190 ms
104.17.24.74,SJC,北美洲,圣何塞,190 ms
104.19.137.51,LAX,北美洲,洛杉矶,190 ms
104.20.2.122,LAX,北美洲,洛杉矶,190 ms
104.24.234.200,LAX,北美洲,洛杉矶,190 ms
104.19.194.1,LAX,北美洲,洛杉矶,190 ms
104.16.237.193,SJC,北美洲,圣何塞,190 ms
104.24.157.186,LAX,北美洲,洛杉矶,190 ms
104.24.10.135,LAX,北美洲,洛杉矶,190 ms
172.67.110.253,LAX,北美洲,洛杉矶,190 ms
104.16.132.168,SJC,北美洲,圣何塞,190 ms
104.16.147.169,SJC,北美洲,圣何塞,190 ms
104.16.135.166,SJC,北美洲,圣何塞,190 ms
94.242.229.173,LAX,北美洲,洛杉矶,190 ms
94.242.228.32,LAX,北美洲,洛杉矶,190 ms
104.25.155.87,LAX,北美洲,洛杉矶,190 ms
104.19.46.6,LAX,北美洲,洛杉矶,190 ms
172.67.7.100,LAX,北美洲,洛杉矶,190 ms
172.67.6.206,LAX,北美洲,洛杉矶,190 ms
104.17.216.10,SJC,北美洲,圣何塞,190 ms
104.25.35.22,LAX,北美洲,洛杉矶,190 ms
104.18.255.99,SJC,北美洲,圣何塞,190 ms
198.41.215.159,LAX,北美洲,洛杉矶,190 ms
172.67.125.1,LAX,北美洲,洛杉矶,190 ms
172.67.199.117,LAX,北美洲,洛杉矶,190 ms
104.18.3.159,LAX,北美洲,洛杉矶,190 ms
104.24.167.214,LAX,北美洲,洛杉矶,190 ms
104.19.44.202,LAX,北美洲,洛杉矶,190 ms
198.41.223.132,LAX,北美洲,洛杉矶,190 ms
104.20.147.221,LAX,北美洲,洛杉矶,190 ms
104.19.14.146,LAX,北美洲,洛杉矶,190 ms
104.16.55.74,SJC,北美洲,圣何塞,190 ms
104.21.6.34,LAX,北美洲,洛杉矶,190 ms
104.24.175.65,LAX,北美洲,洛杉矶,190 ms
162.159.241.248,LAX,北美洲,洛杉矶,190 ms
45.131.208.44,LAX,北美洲,洛杉矶,190 ms
45.131.210.214,LAX,北美洲,洛杉矶,190 ms
104.19.107.124,LAX,北美洲,洛杉矶,190 ms
104.20.65.108,LAX,北美洲,洛杉矶,190 ms
172.67.158.133,LAX,北美洲,洛杉矶,190 ms
104.18.154.26,SJC,北美洲,圣何塞,191 ms
104.16.242.93,SJC,北美洲,圣何塞,191 ms
104.17.188.153,SJC,北美洲,圣何塞,191 ms
172.64.141.101,LAX,北美洲,洛杉矶,191 ms
104.24.72.2,LAX,北美洲,洛杉矶,191 ms
104.25.26.74,LAX,北美洲,洛杉矶,191 ms
172.67.5.100,LAX,北美洲,洛杉矶,191 ms
104.21.57.225,LAX,北美洲,洛杉矶,191 ms
104.25.166.154,LAX,北美洲,洛杉矶,191 ms
104.17.193.78,SJC,北美洲,圣何塞,191 ms
172.64.80.113,LAX,北美洲,洛杉矶,191 ms
104.20.171.215,LAX,北美洲,洛杉矶,191 ms
104.20.172.197,LAX,北美洲,洛杉矶,191 ms
172.67.170.156,LAX,北美洲,洛杉矶,191 ms
102.177.189.166,LAX,北美洲,洛杉矶,191 ms
172.64.142.216,LAX,北美洲,洛杉矶,191 ms
172.64.138.41,LAX,北美洲,洛杉矶,191 ms
104.24.20.212,LAX,北美洲,洛杉矶,191 ms
104.24.213.67,LAX,北美洲,洛杉矶,191 ms
104.21.5.3,LAX,北美洲,洛杉矶,191 ms
104.20.237.172,LAX,北美洲,洛杉矶,191 ms
104.18.89.67,SJC,北美洲,圣何塞,191 ms
104.18.90.37,SJC,北美洲,圣何塞,191 ms
104.20.182.255,LAX,北美洲,洛杉矶,191 ms
104.21.54.237,LAX,北美洲,洛杉矶,191 ms
104.25.83.49,LAX,北美洲,洛杉矶,191 ms
104.25.84.143,LAX,北美洲,洛杉矶,191 ms
104.18.67.101,SJC,北美洲,圣何塞,191 ms
104.20.213.211,LAX,北美洲,洛杉矶,191 ms
104.16.37.122,SJC,北美洲,圣何塞,191 ms
172.67.186.44,LAX,北美洲,洛杉矶,191 ms
104.16.108.55,SJC,北美洲,圣何塞,191 ms
104.16.116.150,SJC,北美洲,圣何塞,191 ms
104.16.99.25,SJC,北美洲,圣何塞,191 ms
172.67.128.250,LAX,北美洲,洛杉矶,191 ms
172.67.23.209,LAX,北美洲,洛杉矶,191 ms
185.59.218.33,LAX,北美洲,洛杉矶,191 ms
104.20.203.167,LAX,北美洲,洛杉矶,191 ms
104.27.103.199,LAX,北美洲,洛杉矶,191 ms
162.159.196.180,LAX,北美洲,洛杉矶,191 ms
172.67.17.81,LAX,北美洲,洛杉矶,191 ms
92.60.74.255,LAX,北美洲,洛杉矶,191 ms
172.83.76.10,LAX,北美洲,洛杉矶,191 ms
104.21.1.50,LAX,北美洲,洛杉矶,191 ms
104.22.32.112,LAX,北美洲,洛杉矶,191 ms
104.22.34.231,LAX,北美洲,洛杉矶,191 ms
104.27.97.61,LAX,北美洲,洛杉矶,191 ms
104.27.96.20,LAX,北美洲,洛杉矶,191 ms
104.19.72.199,LAX,北美洲,洛杉矶,191 ms
104.19.123.155,LAX,北美洲,洛杉矶,191 ms
141.11.203.86,LAX,北美洲,洛杉矶,191 ms
104.20.44.184,LAX,北美洲,洛杉矶,192 ms
104.25.106.222,LAX,北美洲,洛杉矶,192 ms
104.16.70.196,SJC,北美洲,圣何塞,192 ms
172.67.92.104,LAX,北美洲,洛杉矶,192 ms
188.114.98.176,LAX,北美洲,洛杉矶,192 ms
104.23.127.32,LAX,北美洲,洛杉矶,192 ms
104.25.156.232,LAX,北美洲,洛杉矶,192 ms
172.67.103.113,LAX,北美洲,洛杉矶,192 ms
104.27.62.162,LAX,北美洲,洛杉矶,192 ms
45.205.0.88,LAX,北美洲,洛杉矶,192 ms
104.25.157.67,LAX,北美洲,洛杉矶,192 ms
104.18.220.11,SJC,北美洲,圣何塞,192 ms
104.20.229.159,LAX,北美洲,洛杉矶,192 ms
172.64.139.5,LAX,北美洲,洛杉矶,192 ms
172.67.132.165,LAX,北美洲,洛杉矶,192 ms
104.25.125.221,LAX,北美洲,洛杉矶,192 ms
104.19.237.12,SJC,北美洲,圣何塞,192 ms
104.20.223.138,LAX,北美洲,洛杉矶,192 ms
104.22.26.75,LAX,北美洲,洛杉矶,192 ms
104.19.247.171,SJC,北美洲,圣何塞,192 ms
104.20.236.31,LAX,北美洲,洛杉矶,192 ms
104.27.60.237,LAX,北美洲,洛杉矶,192 ms
104.25.96.30,LAX,北美洲,洛杉矶,192 ms
104.20.43.78,LAX,北美洲,洛杉矶,192 ms
104.27.4.106,LAX,北美洲,洛杉矶,192 ms
104.20.220.29,LAX,北美洲,洛杉矶,192 ms
104.21.16.219,LAX,北美洲,洛杉矶,192 ms
104.25.3.211,LAX,北美洲,洛杉矶,192 ms
104.18.192.42,SJC,北美洲,圣何塞,192 ms
104.24.141.197,LAX,北美洲,洛杉矶,192 ms
104.25.235.143,LAX,北美洲,洛杉矶,192 ms
104.27.36.173,LAX,北美洲,洛杉矶,192 ms
104.20.209.235,LAX,北美洲,洛杉矶,192 ms
104.23.107.83,LAX,北美洲,洛杉矶,192 ms
104.17.222.109,SJC,北美洲,圣何塞,192 ms
104.19.117.243,LAX,北美洲,洛杉矶,192 ms
154.85.99.213,LAX,北美洲,洛杉矶,192 ms
104.25.61.74,LAX,北美洲,洛杉矶,192 ms
104.18.246.36,SJC,北美洲,圣何塞,192 ms
172.67.42.255,LAX,北美洲,洛杉矶,192 ms
104.18.42.209,LAX,北美洲,洛杉矶,192 ms
172.67.83.117,LAX,北美洲,洛杉矶,192 ms
104.20.200.218,LAX,北美洲,洛杉矶,192 ms
104.27.114.192,LAX,北美洲,洛杉矶,192 ms
162.120.94.167,LAX,北美洲,洛杉矶,192 ms
104.19.120.227,LAX,北美洲,洛杉矶,192 ms
162.159.46.16,LAX,北美洲,洛杉矶,192 ms
104.20.13.16,LAX,北美洲,洛杉矶,192 ms
104.19.22.71,LAX,北美洲,洛杉矶,192 ms
104.20.135.40,LAX,北美洲,洛杉矶,193 ms
104.24.248.117,LAX,北美洲,洛杉矶,193 ms
172.67.232.20,LAX,北美洲,洛杉矶,193 ms
104.19.198.232,LAX,北美洲,洛杉矶,193 ms
104.36.195.129,LAX,北美洲,洛杉矶,193 ms
104.18.31.166,LAX,北美洲,洛杉矶,193 ms
104.24.188.0,LAX,北美洲,洛杉矶,193 ms
104.27.51.170,LAX,北美洲,洛杉矶,193 ms
172.67.162.64,LAX,北美洲,洛杉矶,193 ms
172.65.209.38,LAX,北美洲,洛杉矶,193 ms
172.64.96.167,LAX,北美洲,洛杉矶,193 ms
104.19.80.68,LAX,北美洲,洛杉矶,193 ms
104.21.9.159,LAX,北美洲,洛杉矶,193 ms
104.18.6.92,LAX,北美洲,洛杉矶,193 ms
104.20.156.128,LAX,北美洲,洛杉矶,193 ms
162.159.240.186,LAX,北美洲,洛杉矶,193 ms
104.20.250.246,LAX,北美洲,洛杉矶,193 ms
104.17.26.237,SJC,北美洲,圣何塞,193 ms
14.102.229.13,LAX,北美洲,洛杉矶,193 ms
104.20.176.35,LAX,北美洲,洛杉矶,193 ms
104.25.237.1,LAX,北美洲,洛杉矶,193 ms
104.17.202.242,SJC,北美洲,圣何塞,193 ms
104.18.23.5,LAX,北美洲,洛杉矶,193 ms
104.27.59.40,LAX,北美洲,洛杉矶,193 ms
89.116.250.74,LAX,北美洲,洛杉矶,193 ms
104.19.54.179,LAX,北美洲,洛杉矶,193 ms
172.64.106.169,LAX,北美洲,洛杉矶,193 ms
154.83.2.37,LAX,北美洲,洛杉矶,193 ms
104.20.3.174,LAX,北美洲,洛杉矶,193 ms
104.16.189.146,SJC,北美洲,圣何塞,193 ms
172.67.100.146,LAX,北美洲,洛杉矶,193 ms
104.24.32.224,LAX,北美洲,洛杉矶,193 ms
172.67.153.244,LAX,北美洲,洛杉矶,193 ms
104.25.145.59,LAX,北美洲,洛杉矶,193 ms
172.67.161.173,LAX,北美洲,洛杉矶,193 ms
104.18.176.196,SJC,北美洲,圣何塞,193 ms
172.67.205.218,LAX,北美洲,洛杉矶,193 ms
188.244.122.72,LAX,北美洲,洛杉矶,193 ms
154.206.12.63,LAX,北美洲,洛杉矶,193 ms
104.25.159.14,LAX,北美洲,洛杉矶,193 ms
45.131.5.8,LAX,北美洲,洛杉矶,193 ms
104.25.65.21,LAX,北美洲,洛杉矶,193 ms
104.25.64.69,LAX,北美洲,洛杉矶,193 ms
104.18.78.73,SJC,北美洲,圣何塞,193 ms
104.20.183.51,LAX,北美洲,洛杉矶,193 ms
154.197.80.118,LAX,北美洲,洛杉矶,193 ms
104.27.125.41,LAX,北美洲,洛杉矶,193 ms
156.225.72.92,LAX,北美洲,洛杉矶,193 ms
104.21.33.45,LAX,北美洲,洛杉矶,193 ms
104.27.110.108,LAX,北美洲,洛杉矶,193 ms
104.25.170.151,LAX,北美洲,洛杉矶,193 ms
104.25.9.169,LAX,北美洲,洛杉矶,193 ms
93.114.65.189,LAX,北美洲,洛杉矶,193 ms
104.25.232.71,LAX,北美洲,洛杉矶,193 ms
104.16.58.183,SJC,北美洲,圣何塞,193 ms
104.19.43.54,LAX,北美洲,洛杉矶,193 ms
104.21.55.132,LAX,北美洲,洛杉矶,193 ms
104.19.3.156,LAX,北美洲,洛杉矶,194 ms
172.67.196.205,LAX,北美洲,洛杉矶,194 ms
104.25.113.122,LAX,北美洲,洛杉矶,194 ms
104.19.118.131,LAX,北美洲,洛杉矶,194 ms
104.18.30.240,LAX,北美洲,洛杉矶,194 ms
104.16.238.70,SJC,北美洲,圣何塞,194 ms
104.24.239.77,LAX,北美洲,洛杉矶,194 ms
104.16.185.210,SJC,北美洲,圣何塞,194 ms
104.20.244.210,LAX,北美洲,洛杉矶,194 ms
172.64.111.43,LAX,北美洲,洛杉矶,194 ms
45.94.169.230,LAX,北美洲,洛杉矶,194 ms
172.64.143.98,LAX,北美洲,洛杉矶,194 ms
104.20.211.73,LAX,北美洲,洛杉矶,194 ms
104.18.205.168,SJC,北美洲,圣何塞,194 ms
104.27.0.238,LAX,北美洲,洛杉矶,194 ms
104.27.2.196,LAX,北美洲,洛杉矶,194 ms
104.24.19.67,LAX,北美洲,洛杉矶,194 ms
104.25.140.86,LAX,北美洲,洛杉矶,194 ms
104.17.209.239,SJC,北美洲,圣何塞,194 ms
216.205.52.1,LAX,北美洲,洛杉矶,194 ms
104.24.137.58,LAX,北美洲,洛杉矶,194 ms
162.159.10.204,LAX,北美洲,洛杉矶,194 ms
162.159.22.35,LAX,北美洲,洛杉矶,194 ms
104.27.101.60,LAX,北美洲,洛杉矶,194 ms
172.67.174.78,LAX,北美洲,洛杉矶,194 ms
104.24.88.12,LAX,北美洲,洛杉矶,194 ms
104.17.252.217,SJC,北美洲,圣何塞,194 ms
104.20.190.202,LAX,北美洲,洛杉矶,194 ms
104.20.57.157,LAX,北美洲,洛杉矶,194 ms
104.18.157.215,SJC,北美洲,圣何塞,194 ms
104.21.24.129,LAX,北美洲,洛杉矶,194 ms
104.24.246.58,LAX,北美洲,洛杉矶,194 ms
104.24.145.59,LAX,北美洲,洛杉矶,194 ms
104.24.190.99,LAX,北美洲,洛杉矶,194 ms
194.152.44.254,LAX,北美洲,洛杉矶,194 ms
172.67.245.120,LAX,北美洲,洛杉矶,194 ms
104.20.214.78,LAX,北美洲,洛杉矶,194 ms
162.159.2.142,LAX,北美洲,洛杉矶,194 ms
172.64.207.11,LAX,北美洲,洛杉矶,194 ms
104.19.168.13,SJC,北美洲,圣何塞,194 ms
162.159.3.200,LAX,北美洲,洛杉矶,194 ms
104.21.47.163,LAX,北美洲,洛杉矶,194 ms
104.17.165.246,SJC,北美洲,圣何塞,194 ms
104.19.50.45,LAX,北美洲,洛杉矶,194 ms
104.19.51.94,LAX,北美洲,洛杉矶,194 ms
104.20.247.149,LAX,北美洲,洛杉矶,194 ms
104.19.206.67,LAX,北美洲,洛杉矶,194 ms
172.67.54.115,LAX,北美洲,洛杉矶,194 ms
104.27.85.77,LAX,北美洲,洛杉矶,194 ms
104.23.139.150,LAX,北美洲,洛杉矶,194 ms
104.24.67.148,LAX,北美洲,洛杉矶,194 ms
104.19.216.166,SJC,北美洲,圣何塞,195 ms
104.19.0.58,LAX,北美洲,洛杉矶,195 ms
104.19.102.188,LAX,北美洲,洛杉矶,195 ms
104.19.101.145,LAX,北美洲,洛杉矶,195 ms
104.20.55.45,LAX,北美洲,洛杉矶,195 ms
172.67.117.221,LAX,北美洲,洛杉矶,195 ms
104.21.17.18,LAX,北美洲,洛杉矶,195 ms
104.25.115.34,LAX,北美洲,洛杉矶,195 ms
104.19.94.230,LAX,北美洲,洛杉矶,195 ms
104.20.122.126,LAX,北美洲,洛杉矶,195 ms
104.25.150.209,LAX,北美洲,洛杉矶,195 ms
104.18.168.219,SJC,北美洲,圣何塞,195 ms
104.24.133.76,LAX,北美洲,洛杉矶,195 ms
104.18.32.165,LAX,北美洲,洛杉矶,195 ms
104.19.142.20,LAX,北美洲,洛杉矶,195 ms
92.53.191.62,LAX,北美洲,洛杉矶,195 ms
92.53.190.96,LAX,北美洲,洛杉矶,195 ms
104.20.165.212,LAX,北美洲,洛杉矶,195 ms
172.64.98.110,LAX,北美洲,洛杉矶,195 ms
104.16.54.201,SJC,北美洲,圣何塞,195 ms
172.67.63.251,LAX,北美洲,洛杉矶,195 ms
162.159.36.169,LAX,北美洲,洛杉矶,195 ms
172.64.196.173,LAX,北美洲,洛杉矶,195 ms
104.18.21.23,LAX,北美洲,洛杉矶,195 ms
104.24.12.78,LAX,北美洲,洛杉矶,195 ms
104.24.159.170,LAX,北美洲,洛杉矶,195 ms
104.20.205.226,LAX,北美洲,洛杉矶,195 ms
1.0.0.81,LAX,北美洲,洛杉矶,195 ms
104.18.50.46,LAX,北美洲,洛杉矶,195 ms
104.20.96.8,LAX,北美洲,洛杉矶,195 ms
104.20.52.1,LAX,北美洲,洛杉矶,195 ms
104.20.53.11,LAX,北美洲,洛杉矶,195 ms
104.20.49.69,LAX,北美洲,洛杉矶,195 ms
188.42.145.185,LAX,北美洲,洛杉矶,195 ms
104.20.166.217,LAX,北美洲,洛杉矶,195 ms
104.18.54.233,LAX,北美洲,洛杉矶,195 ms
104.25.201.41,LAX,北美洲,洛杉矶,195 ms
104.22.7.25,LAX,北美洲,洛杉矶,195 ms
104.24.69.99,LAX,北美洲,洛杉矶,195 ms
195.245.221.216,LAX,北美洲,洛杉矶,195 ms
104.25.147.99,LAX,北美洲,洛杉矶,195 ms
172.67.50.81,LAX,北美洲,洛杉矶,195 ms
104.23.121.198,LAX,北美洲,洛杉矶,195 ms
172.67.146.44,LAX,北美洲,洛杉矶,195 ms
104.25.208.200,LAX,北美洲,洛杉矶,196 ms
172.67.159.24,LAX,北美洲,洛杉矶,196 ms
104.19.127.190,LAX,北美洲,洛杉矶,196 ms
104.18.41.230,LAX,北美洲,洛杉矶,196 ms
104.20.161.255,LAX,北美洲,洛杉矶,196 ms
172.64.35.234,LAX,北美洲,洛杉矶,196 ms
104.27.63.213,LAX,北美洲,洛杉矶,196 ms
104.20.193.183,LAX,北美洲,洛杉矶,196 ms
172.64.164.10,LAX,北美洲,洛杉矶,196 ms
104.24.253.107,LAX,北美洲,洛杉矶,196 ms
104.17.219.113,SJC,北美洲,圣何塞,196 ms
104.18.60.63,LAX,北美洲,洛杉矶,196 ms
104.19.25.121,LAX,北美洲,洛杉矶,196 ms
104.25.187.2,LAX,北美洲,洛杉矶,196 ms
104.24.45.87,LAX,北美洲,洛杉矶,196 ms
104.19.59.207,LAX,北美洲,洛杉矶,196 ms
104.25.131.83,LAX,北美洲,洛杉矶,196 ms
172.67.177.149,LAX,北美洲,洛杉矶,196 ms
104.17.233.61,SJC,北美洲,圣何塞,196 ms
185.193.29.162,LAX,北美洲,洛杉矶,196 ms
104.20.42.119,LAX,北美洲,洛杉矶,196 ms
104.25.203.237,LAX,北美洲,洛杉矶,196 ms
104.25.205.153,LAX,北美洲,洛杉矶,196 ms
104.25.180.176,LAX,北美洲,洛杉矶,196 ms
172.66.46.5,LAX,北美洲,洛杉矶,196 ms
104.25.118.21,LAX,北美洲,洛杉矶,196 ms
104.25.210.203,LAX,北美洲,洛杉矶,196 ms
104.16.33.230,SJC,北美洲,圣何塞,196 ms
104.20.232.74,LAX,北美洲,洛杉矶,196 ms
104.19.195.213,LAX,北美洲,洛杉矶,196 ms
104.24.50.15,LAX,北美洲,洛杉矶,196 ms
104.25.74.92,LAX,北美洲,洛杉矶,196 ms
104.25.73.241,LAX,北美洲,洛杉矶,196 ms
104.21.8.175,LAX,北美洲,洛杉矶,196 ms
172.67.137.8,LAX,北美洲,洛杉矶,196 ms
104.21.38.8,LAX,北美洲,洛杉矶,196 ms
104.19.66.182,LAX,北美洲,洛杉矶,196 ms
104.16.83.109,SJC,北美洲,圣何塞,196 ms
104.16.75.16,SJC,北美洲,圣何塞,196 ms
104.18.43.6,LAX,北美洲,洛杉矶,196 ms
104.25.250.164,LAX,北美洲,洛杉矶,196 ms
104.18.65.167,SJC,北美洲,圣何塞,196 ms
104.24.237.234,LAX,北美洲,洛杉矶,197 ms
172.67.133.118,LAX,北美洲,洛杉矶,197 ms
104.16.144.158,SJC,北美洲,圣何塞,197 ms
172.67.45.117,LAX,北美洲,洛杉矶,197 ms
104.25.238.113,LAX,北美洲,洛杉矶,197 ms
104.21.19.92,LAX,北美洲,洛杉矶,197 ms
172.67.43.144,LAX,北美洲,洛杉矶,197 ms
104.24.52.71,LAX,北美洲,洛杉矶,197 ms
104.24.53.190,LAX,北美洲,洛杉矶,197 ms
104.17.254.229,SJC,北美洲,圣何塞,197 ms
104.25.198.114,LAX,北美洲,洛杉矶,197 ms
104.23.134.106,LAX,北美洲,洛杉矶,197 ms
104.20.104.131,LAX,北美洲,洛杉矶,197 ms
104.20.179.30,LAX,北美洲,洛杉矶,197 ms
162.159.1.185,LAX,北美洲,洛杉矶,197 ms
104.17.50.33,SJC,北美洲,圣何塞,197 ms
172.67.228.30,LAX,北美洲,洛杉矶,197 ms
104.21.228.110,SJC,北美洲,圣何塞,197 ms
104.16.253.14,SJC,北美洲,圣何塞,197 ms
104.16.30.36,SJC,北美洲,圣何塞,197 ms
104.21.46.130,LAX,北美洲,洛杉矶,197 ms
104.27.83.49,LAX,北美洲,洛杉矶,197 ms
104.27.11.235,LAX,北美洲,洛杉矶,197 ms
104.27.15.250,LAX,北美洲,洛杉矶,197 ms
104.27.12.122,LAX,北美洲,洛杉矶,197 ms
104.16.149.97,SJC,北美洲,圣何塞,197 ms
104.16.141.252,SJC,北美洲,圣何塞,197 ms
104.16.106.158,SJC,北美洲,圣何塞,197 ms
104.16.124.157,SJC,北美洲,圣何塞,197 ms
104.16.120.246,SJC,北美洲,圣何塞,197 ms
104.17.184.24,SJC,北美洲,圣何塞,197 ms
104.23.140.211,LAX,北美洲,洛杉矶,197 ms
172.67.139.76,LAX,北美洲,洛杉矶,197 ms
172.67.114.113,LAX,北美洲,洛杉矶,197 ms
104.17.42.192,SJC,北美洲,圣何塞,197 ms
104.19.103.16,LAX,北美洲,洛杉矶,197 ms
155.46.213.36,LAX,北美洲,洛杉矶,197 ms
172.64.50.153,LAX,北美洲,洛杉矶,197 ms
104.25.254.58,LAX,北美洲,洛杉矶,197 ms
104.20.127.99,LAX,北美洲,洛杉矶,197 ms
172.67.126.46,LAX,北美洲,洛杉矶,198 ms
104.20.202.196,LAX,北美洲,洛杉矶,198 ms
104.21.50.35,LAX,北美洲,洛杉矶,198 ms
104.17.131.187,SJC,北美洲,圣何塞,198 ms
104.20.175.246,LAX,北美洲,洛杉矶,198 ms
104.20.12.248,LAX,北美洲,洛杉矶,198 ms
172.67.193.249,LAX,北美洲,洛杉矶,198 ms
104.25.19.229,LAX,北美洲,洛杉矶,198 ms
5.182.84.162,LAX,北美洲,洛杉矶,198 ms
167.68.5.107,LAX,北美洲,洛杉矶,198 ms
104.25.85.242,LAX,北美洲,洛杉矶,198 ms
104.16.107.165,SJC,北美洲,圣何塞,198 ms
104.17.27.225,SJC,北美洲,圣何塞,198 ms
104.18.56.101,LAX,北美洲,洛杉矶,198 ms
173.245.49.1,LAX,北美洲,洛杉矶,198 ms
104.18.72.119,SJC,北美洲,圣何塞,198 ms
104.19.121.41,LAX,北美洲,洛杉矶,198 ms
104.20.227.162,LAX,北美洲,洛杉矶,198 ms
104.18.10.210,LAX,北美洲,洛杉矶,198 ms
104.20.217.89,LAX,北美洲,洛杉矶,198 ms
104.20.218.131,LAX,北美洲,洛杉矶,198 ms
172.64.91.29,LAX,北美洲,洛杉矶,198 ms
172.64.155.251,LAX,北美洲,洛杉矶,198 ms
104.21.32.90,LAX,北美洲,洛杉矶,198 ms
104.16.94.43,SJC,北美洲,圣何塞,198 ms
104.27.72.67,LAX,北美洲,洛杉矶,199 ms
104.24.218.187,LAX,北美洲,洛杉矶,199 ms
104.25.117.218,LAX,北美洲,洛杉矶,199 ms
104.16.61.93,SJC,北美洲,圣何塞,199 ms
104.20.245.50,LAX,北美洲,洛杉矶,199 ms
104.25.46.235,LAX,北美洲,洛杉矶,199 ms
104.19.233.74,SJC,北美洲,圣何塞,199 ms
104.19.64.71,LAX,北美洲,洛杉矶,199 ms
172.67.227.207,LAX,北美洲,洛杉矶,199 ms
172.67.55.209,LAX,北美洲,洛杉矶,199 ms
104.20.204.215,LAX,北美洲,洛杉矶,199 ms
172.67.19.145,LAX,北美洲,洛杉矶,199 ms
104.21.36.136,LAX,北美洲,洛杉矶,199 ms
162.159.49.77,LAX,北美洲,洛杉矶,199 ms
104.20.113.250,LAX,北美洲,洛杉矶,199 ms
104.18.28.210,LAX,北美洲,洛杉矶,199 ms
104.27.37.49,LAX,北美洲,洛杉矶,199 ms
172.67.209.10,LAX,北美洲,洛杉矶,199 ms
172.83.73.45,LAX,北美洲,洛杉矶,199 ms
104.21.42.40,LAX,北美洲,洛杉矶,199 ms
104.21.41.6,LAX,北美洲,洛杉矶,199 ms
172.67.212.32,LAX,北美洲,洛杉矶,199 ms
104.17.4.168,SJC,北美洲,圣何塞,199 ms
172.64.175.148,LAX,北美洲,洛杉矶,199 ms
104.16.151.155,SJC,北美洲,圣何塞,199 ms
104.20.66.216,LAX,北美洲,洛杉矶,199 ms
104.19.18.82,LAX,北美洲,洛杉矶,199 ms
104.25.52.147,LAX,北美洲,洛杉矶,199 ms
172.67.20.230,LAX,北美洲,洛杉矶,199 ms
172.67.131.114,LAX,北美洲,洛杉矶,199 ms
104.25.6.2,LAX,北美洲,洛杉矶,199 ms
172.67.187.122,LAX,北美洲,洛杉矶,199 ms
45.131.6.221,LAX,北美洲,洛杉矶,199 ms
104.24.225.179,LAX,北美洲,洛杉矶,199 ms
104.20.160.44,LAX,北美洲,洛杉矶,199 ms
104.24.75.27,LAX,北美洲,洛杉矶,199 ms
104.19.126.237,LAX,北美洲,洛杉矶,199 ms
104.21.234.8,SJC,北美洲,圣何塞,200 ms
104.17.234.208,SJC,北美洲,圣何塞,200 ms
104.27.47.9,LAX,北美洲,洛杉矶,200 ms
104.20.133.34,LAX,北美洲,洛杉矶,200 ms
104.20.125.149,LAX,北美洲,洛杉矶,200 ms
104.27.98.31,LAX,北美洲,洛杉矶,200 ms
104.19.29.129,LAX,北美洲,洛杉矶,200 ms
172.64.193.16,LAX,北美洲,洛杉矶,200 ms
162.159.255.12,LAX,北美洲,洛杉矶,200 ms
172.67.81.41,LAX,北美洲,洛杉矶,200 ms
27.50.48.22,LAX,北美洲,洛杉矶,200 ms
104.25.248.65,LAX,北美洲,洛杉矶,200 ms
104.17.122.215,SJC,北美洲,圣何塞,200 ms
172.67.200.109,LAX,北美洲,洛杉矶,200 ms
104.16.230.5,SJC,北美洲,圣何塞,200 ms
103.11.214.51,LAX,北美洲,洛杉矶,200 ms
172.67.223.223,LAX,北美洲,洛杉矶,200 ms
104.21.49.75,LAX,北美洲,洛杉矶,200 ms
104.24.174.165,LAX,北美洲,洛杉矶,200 ms
172.64.171.72,LAX,北美洲,洛杉矶,200 ms
104.18.58.104,LAX,北美洲,洛杉矶,200 ms
104.25.48.14,LAX,北美洲,洛杉矶,200 ms
172.67.206.249,LAX,北美洲,洛杉矶,200 ms
104.18.123.44,SJC,北美洲,圣何塞,200 ms
104.22.25.181,LAX,北美洲,洛杉矶,201 ms
104.17.116.14,SJC,北美洲,圣何塞,201 ms
104.25.217.83,LAX,北美洲,洛杉矶,201 ms
104.18.151.44,SJC,北美洲,圣何塞,201 ms
104.18.39.52,LAX,北美洲,洛杉矶,201 ms
104.16.10.28,SJC,北美洲,圣何塞,201 ms
104.16.6.115,SJC,北美洲,圣何塞,201 ms
104.20.95.12,LAX,北美洲,洛杉矶,201 ms
104.20.46.137,LAX,北美洲,洛杉矶,201 ms
104.24.177.206,LAX,北美洲,洛杉矶,201 ms
104.17.227.11,SJC,北美洲,圣何塞,201 ms
104.25.174.23,LAX,北美洲,洛杉矶,201 ms
104.18.27.26,LAX,北美洲,洛杉矶,201 ms
104.27.122.138,LAX,北美洲,洛杉矶,201 ms
172.67.123.150,LAX,北美洲,洛杉矶,201 ms
104.16.200.143,SJC,北美洲,圣何塞,201 ms
172.66.44.9,LAX,北美洲,洛杉矶,201 ms
104.17.8.30,SJC,北美洲,圣何塞,201 ms
104.20.199.169,LAX,北美洲,洛杉矶,201 ms
172.64.90.224,LAX,北美洲,洛杉矶,201 ms
104.19.150.5,SJC,北美洲,圣何塞,202 ms
104.19.152.5,SJC,北美洲,圣何塞,202 ms
172.67.138.239,LAX,北美洲,洛杉矶,202 ms
104.25.111.192,LAX,北美洲,洛杉矶,202 ms
104.20.141.185,LAX,北美洲,洛杉矶,202 ms
104.24.183.145,LAX,北美洲,洛杉矶,202 ms
104.20.208.200,LAX,北美洲,洛杉矶,202 ms
104.16.91.226,SJC,北美洲,圣何塞,202 ms
104.19.109.228,LAX,北美洲,洛杉矶,202 ms
104.18.146.236,SJC,北美洲,圣何塞,202 ms
104.27.26.11,LAX,北美洲,洛杉矶,202 ms
172.64.195.245,LAX,北美洲,洛杉矶,202 ms
172.67.10.11,LAX,北美洲,洛杉矶,202 ms
5.182.34.71,LAX,北美洲,洛杉矶,202 ms
104.23.101.247,LAX,北美洲,洛杉矶,202 ms
104.27.27.185,LAX,北美洲,洛杉矶,202 ms
213.241.198.57,LAX,北美洲,洛杉矶,202 ms
213.109.205.79,LAX,北美洲,洛杉矶,202 ms
104.24.85.196,LAX,北美洲,洛杉矶,202 ms
172.67.191.124,LAX,北美洲,洛杉矶,202 ms
104.18.62.211,LAX,北美洲,洛杉矶,202 ms
172.67.142.219,LAX,北美洲,洛杉矶,202 ms
104.24.40.5,LAX,北美洲,洛杉矶,202 ms
172.67.36.9,LAX,北美洲,洛杉矶,202 ms
104.18.7.17,LAX,北美洲,洛杉矶,203 ms
172.67.184.54,LAX,北美洲,洛杉矶,203 ms
104.18.48.56,LAX,北美洲,洛杉矶,203 ms
104.19.115.191,LAX,北美洲,洛杉矶,203 ms
104.18.200.221,SJC,北美洲,圣何塞,203 ms
104.21.13.57,LAX,北美洲,洛杉矶,203 ms
104.21.14.178,LAX,北美洲,洛杉矶,203 ms
104.16.89.83,SJC,北美洲,圣何塞,203 ms
104.25.49.2,LAX,北美洲,洛杉矶,203 ms
104.19.223.110,SJC,北美洲,圣何塞,203 ms
172.64.52.202,LAX,北美洲,洛杉矶,203 ms
104.20.184.184,LAX,北美洲,洛杉矶,203 ms
104.25.179.30,LAX,北美洲,洛杉矶,203 ms
104.27.78.253,LAX,北美洲,洛杉矶,203 ms
104.24.163.71,LAX,北美洲,洛杉矶,203 ms
104.18.113.42,SJC,北美洲,圣何塞,203 ms
104.18.40.164,LAX,北美洲,洛杉矶,203 ms
104.18.229.10,SJC,北美洲,圣何塞,203 ms
172.67.251.229,LAX,北美洲,洛杉矶,203 ms
104.19.158.155,SJC,北美洲,圣何塞,203 ms
104.16.130.173,SJC,北美洲,圣何塞,203 ms
104.16.145.194,SJC,北美洲,圣何塞,203 ms
104.19.166.102,SJC,北美洲,圣何塞,204 ms
104.17.185.220,SJC,北美洲,圣何塞,204 ms
104.20.105.161,LAX,北美洲,洛杉矶,204 ms
104.25.151.125,LAX,北美洲,洛杉矶,204 ms
104.25.54.121,LAX,北美洲,洛杉矶,204 ms
104.25.10.105,LAX,北美洲,洛杉矶,204 ms
104.21.30.162,LAX,北美洲,洛杉矶,204 ms
104.24.139.148,LAX,北美洲,洛杉矶,204 ms
104.21.2.119,LAX,北美洲,洛杉矶,204 ms
172.64.173.75,LAX,北美洲,洛杉矶,204 ms
104.18.182.232,SJC,北美洲,圣何塞,204 ms
104.24.212.16,LAX,北美洲,洛杉矶,204 ms
104.18.179.72,SJC,北美洲,圣何塞,204 ms
104.25.100.192,LAX,北美洲,洛杉矶,204 ms
104.16.9.85,SJC,北美洲,圣何塞,204 ms
172.64.197.242,LAX,北美洲,洛杉矶,204 ms
104.17.136.23,SJC,北美洲,圣何塞,204 ms
104.17.137.245,SJC,北美洲,圣何塞,204 ms
104.24.18.88,LAX,北美洲,洛杉矶,204 ms
172.66.42.173,LAX,北美洲,洛杉矶,204 ms
172.66.3.241,LAX,北美洲,洛杉矶,204 ms
172.67.113.12,LAX,北美洲,洛杉矶,204 ms
104.18.181.134,SJC,北美洲,圣何塞,204 ms
104.17.126.209,SJC,北美洲,圣何塞,204 ms
104.27.49.136,LAX,北美洲,洛杉矶,205 ms
104.25.18.98,LAX,北美洲,洛杉矶,205 ms
104.17.45.45,SJC,北美洲,圣何塞,205 ms
104.27.43.81,LAX,北美洲,洛杉矶,205 ms
104.27.102.158,LAX,北美洲,洛杉矶,205 ms
104.19.12.55,LAX,北美洲,洛杉矶,205 ms
104.25.95.187,LAX,北美洲,洛杉矶,205 ms
162.159.32.215,LAX,北美洲,洛杉矶,205 ms
104.18.2.162,LAX,北美洲,洛杉矶,205 ms
172.64.201.220,LAX,北美洲,洛杉矶,205 ms
104.19.178.128,SJC,北美洲,圣何塞,205 ms
104.25.176.22,LAX,北美洲,洛杉矶,205 ms
104.19.23.248,LAX,北美洲,洛杉矶,205 ms
104.20.142.88,LAX,北美洲,洛杉矶,205 ms
104.24.30.237,LAX,北美洲,洛杉矶,205 ms
104.23.109.87,LAX,北美洲,洛杉矶,205 ms
104.25.15.31,LAX,北美洲,洛杉矶,205 ms
104.16.48.94,SJC,北美洲,圣何塞,205 ms
104.19.108.164,LAX,北美洲,洛杉矶,205 ms
104.21.23.200,LAX,北美洲,洛杉矶,205 ms
104.27.56.75,LAX,北美洲,洛杉矶,206 ms
172.64.160.162,LAX,北美洲,洛杉矶,206 ms
172.64.134.146,LAX,北美洲,洛杉矶,206 ms
104.17.96.215,SJC,北美洲,圣何塞,206 ms
190.93.245.151,SJC,北美洲,圣何塞,206 ms
104.16.184.156,SJC,北美洲,圣何塞,206 ms
172.64.157.146,LAX,北美洲,洛杉矶,206 ms
104.16.62.165,SJC,北美洲,圣何塞,206 ms
104.17.7.254,SJC,北美洲,圣何塞,206 ms
104.25.190.203,LAX,北美洲,洛杉矶,206 ms
104.25.226.0,LAX,北美洲,洛杉矶,206 ms
104.25.209.168,LAX,北美洲,洛杉矶,206 ms
104.25.206.247,LAX,北美洲,洛杉矶,206 ms
104.19.114.196,LAX,北美洲,洛杉矶,206 ms
104.16.60.255,SJC,北美洲,圣何塞,206 ms
172.67.173.85,LAX,北美洲,洛杉矶,206 ms
104.16.216.196,SJC,北美洲,圣何塞,206 ms
104.24.192.80,LAX,北美洲,洛杉矶,207 ms
104.16.35.69,SJC,北美洲,圣何塞,207 ms
104.25.213.242,LAX,北美洲,洛杉矶,207 ms
104.25.94.136,LAX,北美洲,洛杉矶,207 ms
104.18.68.120,SJC,北美洲,圣何塞,207 ms
162.159.17.99,LAX,北美洲,洛杉矶,207 ms
104.24.233.117,LAX,北美洲,洛杉矶,207 ms
104.24.221.212,LAX,北美洲,洛杉矶,207 ms
104.17.56.133,SJC,北美洲,圣何塞,207 ms
104.17.74.47,SJC,北美洲,圣何塞,207 ms
104.18.10.11,LAX,北美洲,洛杉矶,207 ms
198.41.196.227,LAX,北美洲,洛杉矶,207 ms
104.20.8.40,LAX,北美洲,洛杉矶,207 ms
104.16.24.34,SJC,北美洲,圣何塞,207 ms
104.18.57.255,LAX,北美洲,洛杉矶,207 ms
104.18.224.197,SJC,北美洲,圣何塞,208 ms
104.16.7.45,SJC,北美洲,圣何塞,208 ms
172.64.34.110,LAX,北美洲,洛杉矶,208 ms
104.18.125.191,SJC,北美洲,圣何塞,208 ms
162.159.34.18,SEA,北美洲,西雅图,208 ms
162.159.33.15,LAX,北美洲,洛杉矶,208 ms
104.16.44.196,SJC,北美洲,圣何塞,208 ms
104.20.72.162,LAX,北美洲,洛杉矶,208 ms
104.24.66.127,LAX,北美洲,洛杉矶,208 ms
104.17.214.138,SJC,北美洲,圣何塞,208 ms
104.18.209.20,SJC,北美洲,圣何塞,208 ms
104.20.33.156,LAX,北美洲,洛杉矶,208 ms
104.24.216.110,LAX,北美洲,洛杉矶,208 ms
104.24.9.254,LAX,北美洲,洛杉矶,208 ms
104.27.201.59,LAX,北美洲,洛杉矶,208 ms
104.18.8.145,LAX,北美洲,洛杉矶,208 ms
104.17.69.175,SJC,北美洲,圣何塞,209 ms
104.20.75.157,LAX,北美洲,洛杉矶,209 ms
104.17.78.52,SJC,北美洲,圣何塞,209 ms
104.24.22.189,LAX,北美洲,洛杉矶,209 ms
104.20.35.201,LAX,北美洲,洛杉矶,209 ms
104.20.34.29,LAX,北美洲,洛杉矶,209 ms
104.20.32.38,LAX,北美洲,洛杉矶,209 ms
104.16.222.96,SJC,北美洲,圣何塞,209 ms
104.19.184.226,SJC,北美洲,圣何塞,209 ms
172.67.175.101,LAX,北美洲,洛杉矶,209 ms
104.21.15.251,LAX,北美洲,洛杉矶,209 ms
104.16.15.11,SJC,北美洲,圣何塞,209 ms
104.19.78.67,LAX,北美洲,洛杉矶,209 ms
172.64.147.80,LAX,北美洲,洛杉矶,209 ms
104.18.169.3,SJC,北美洲,圣何塞,209 ms
104.20.38.230,LAX,北美洲,洛杉矶,210 ms
172.64.144.99,LAX,北美洲,洛杉矶,210 ms
172.67.160.250,LAX,北美洲,洛杉矶,210 ms
104.25.32.13,LAX,北美洲,洛杉矶,210 ms
185.148.107.50,LAX,北美洲,洛杉矶,210 ms
104.16.171.234,SJC,北美洲,圣何塞,210 ms
104.17.139.188,SJC,北美洲,圣何塞,210 ms
104.24.37.183,LAX,北美洲,洛杉矶,210 ms
104.19.139.175,LAX,北美洲,洛杉矶,210 ms
104.18.52.242,LAX,北美洲,洛杉矶,210 ms
104.18.84.21,SJC,北美洲,圣何塞,210 ms
104.17.51.148,SJC,北美洲,圣何塞,210 ms
172.64.100.166,LAX,北美洲,洛杉矶,210 ms
104.17.9.60,SJC,北美洲,圣何塞,211 ms
104.20.248.16,LAX,北美洲,洛杉矶,211 ms
104.18.38.160,LAX,北美洲,洛杉矶,211 ms
172.65.176.98,LAX,北美洲,洛杉矶,211 ms
104.18.71.6,SJC,北美洲,圣何塞,211 ms
104.19.252.116,SJC,北美洲,圣何塞,211 ms
104.25.240.159,LAX,北美洲,洛杉矶,211 ms
104.19.81.131,LAX,北美洲,洛杉矶,211 ms
104.19.42.196,LAX,北美洲,洛杉矶,212 ms
104.17.191.176,SJC,北美洲,圣何塞,212 ms
104.19.47.63,LAX,北美洲,洛杉矶,212 ms
104.23.103.189,LAX,北美洲,洛杉矶,212 ms
104.17.1.14,SJC,北美洲,圣何塞,212 ms
1.1.1.236,LAX,北美洲,洛杉矶,212 ms
194.113.223.209,LAX,北美洲,洛杉矶,212 ms
104.18.135.112,SJC,北美洲,圣何塞,213 ms
104.16.215.69,SJC,北美洲,圣何塞,213 ms
104.19.52.196,LAX,北美洲,洛杉矶,213 ms
172.66.47.254,LAX,北美洲,洛杉矶,213 ms
162.159.245.88,LAX,北美洲,洛杉矶,213 ms
104.18.143.47,SJC,北美洲,圣何塞,213 ms
104.20.39.153,LAX,北美洲,洛杉矶,213 ms
104.16.12.204,SJC,北美洲,圣何塞,213 ms
23.227.39.185,LAX,北美洲,洛杉矶,213 ms
104.27.21.137,LAX,北美洲,洛杉矶,214 ms
104.27.19.231,LAX,北美洲,洛杉矶,214 ms
104.27.25.239,LAX,北美洲,洛杉矶,214 ms
104.25.63.151,LAX,北美洲,洛杉矶,214 ms
104.19.202.234,LAX,北美洲,洛杉矶,214 ms
23.227.60.239,LAX,北美洲,洛杉矶,214 ms
104.20.64.78,LAX,北美洲,洛杉矶,214 ms
104.17.6.123,SJC,北美洲,圣何塞,215 ms
188.42.88.179,LAX,北美洲,洛杉矶,215 ms
104.18.207.82,SJC,北美洲,圣何塞,215 ms
104.19.9.61,LAX,北美洲,洛杉矶,216 ms
104.18.0.200,LAX,北美洲,洛杉矶,216 ms
104.24.54.76,LAX,北美洲,洛杉矶,216 ms
104.16.190.57,SJC,北美洲,圣何塞,216 ms
104.25.55.216,LAX,北美洲,洛杉矶,216 ms
104.27.199.248,LAX,北美洲,洛杉矶,216 ms
104.27.196.231,LAX,北美洲,洛杉矶,216 ms
104.24.36.150,LAX,北美洲,洛杉矶,216 ms
185.170.166.45,LAX,北美洲,洛杉矶,216 ms
104.16.129.190,SJC,北美洲,圣何塞,216 ms
104.16.119.46,SJC,北美洲,圣何塞,216 ms
104.19.205.97,LAX,北美洲,洛杉矶,217 ms
45.85.118.17,LAX,北美洲,洛杉矶,217 ms
185.148.106.24,LAX,北美洲,洛杉矶,217 ms
104.16.122.112,SJC,北美洲,圣何塞,217 ms
104.16.176.243,SJC,北美洲,圣何塞,217 ms
172.67.246.72,LAX,北美洲,洛杉矶,218 ms
141.101.121.246,LAX,北美洲,洛杉矶,218 ms
104.16.236.20,SJC,北美洲,圣何塞,218 ms
104.16.104.178,SJC,北美洲,圣何塞,218 ms
104.17.43.65,SJC,北美洲,圣何塞,218 ms
172.65.207.205,LAX,北美洲,洛杉矶,218 ms
104.20.240.119,LAX,北美洲,洛杉矶,219 ms
104.129.167.238,LAX,北美洲,洛杉矶,219 ms
104.19.28.250,LAX,北美洲,洛杉矶,219 ms
172.65.251.76,LAX,北美洲,洛杉矶,221 ms
104.17.160.82,SJC,北美洲,圣何塞,221 ms
198.217.251.22,LAX,北美洲,洛杉矶,221 ms
188.164.248.7,LAX,北美洲,洛杉矶,221 ms
172.65.215.105,LAX,北美洲,洛杉矶,221 ms
104.16.84.232,SJC,北美洲,圣何塞,221 ms
104.18.69.86,SJC,北美洲,圣何塞,222 ms
104.19.129.206,LAX,北美洲,洛杉矶,222 ms
104.16.134.161,SJC,北美洲,圣何塞,222 ms
203.22.241.133,LAX,北美洲,洛杉矶,223 ms
46.8.199.164,LAX,北美洲,洛杉矶,223 ms
104.17.47.84,SJC,北美洲,圣何塞,223 ms
104.19.182.109,SJC,北美洲,圣何塞,223 ms
172.64.95.187,LAX,北美洲,洛杉矶,223 ms
46.254.93.78,LAX,北美洲,洛杉矶,223 ms
45.131.7.67,LAX,北美洲,洛杉矶,224 ms
172.67.181.209,LAX,北美洲,洛杉矶,225 ms
104.20.241.108,LAX,北美洲,洛杉矶,225 ms
104.17.205.90,SJC,北美洲,圣何塞,225 ms
172.67.180.238,LAX,北美洲,洛杉矶,225 ms
5.10.245.185,LAX,北美洲,洛杉矶,225 ms
91.193.58.165,LAX,北美洲,洛杉矶,226 ms
104.25.116.101,LAX,北美洲,洛杉矶,226 ms
45.131.209.79,LAX,北美洲,洛杉矶,226 ms
154.197.75.6,LAX,北美洲,洛杉矶,227 ms
104.23.141.229,LAX,北美洲,洛杉矶,228 ms
104.16.11.113,SJC,北美洲,圣何塞,228 ms
104.16.0.71,SJC,北美洲,圣何塞,228 ms
104.17.31.193,SJC,北美洲,圣何塞,228 ms
104.24.197.188,LAX,北美洲,洛杉矶,229 ms
162.159.43.80,SEA,北美洲,西雅图,230 ms
104.19.183.213,SJC,北美洲,圣何塞,231 ms
92.53.189.85,LAX,北美洲,洛杉矶,232 ms
66.235.200.66,LAX,北美洲,洛杉矶,232 ms
104.16.143.20,SJC,北美洲,圣何塞,234 ms
172.64.137.5,LAX,北美洲,洛杉矶,235 ms
104.24.56.115,LAX,北美洲,洛杉矶,236 ms
108.162.196.220,LAX,北美洲,洛杉矶,237 ms
104.24.64.83,LAX,北美洲,洛杉矶,237 ms
172.64.158.114,LAX,北美洲,洛杉矶,238 ms
104.20.195.183,LAX,北美洲,洛杉矶,239 ms
104.25.135.225,LAX,北美洲,洛杉矶,239 ms
104.19.33.184,LAX,北美洲,洛杉矶,239 ms
104.25.99.139,LAX,北美洲,洛杉矶,240 ms
104.20.98.35,LAX,北美洲,洛杉矶,240 ms
104.25.191.151,LAX,北美洲,洛杉矶,241 ms
104.20.224.165,LAX,北美洲,洛杉矶,242 ms
104.25.81.229,LAX,北美洲,洛杉矶,242 ms
195.85.23.156,LAX,北美洲,洛杉矶,242 ms
104.24.165.19,LAX,北美洲,洛杉矶,243 ms
94.242.230.40,LAX,北美洲,洛杉矶,243 ms
104.20.243.40,LAX,北美洲,洛杉矶,243 ms
172.64.103.153,LAX,北美洲,洛杉矶,243 ms
104.25.13.186,LAX,北美洲,洛杉矶,244 ms
104.19.61.55,LAX,北美洲,洛杉矶,244 ms
198.41.197.214,LAX,北美洲,洛杉矶,245 ms
104.25.38.102,LAX,北美洲,洛杉矶,245 ms
198.41.211.156,LAX,北美洲,洛杉矶,245 ms
104.24.61.229,LAX,北美洲,洛杉矶,245 ms
104.25.247.205,LAX,北美洲,洛杉矶,246 ms
104.23.117.6,LAX,北美洲,洛杉矶,246 ms
172.67.62.17,LAX,北美洲,洛杉矶,247 ms
104.24.47.119,LAX,北美洲,洛杉矶,247 ms
104.21.29.116,LAX,北美洲,洛杉矶,248 ms
104.25.222.97,LAX,北美洲,洛杉矶,248 ms
104.27.195.167,LAX,北美洲,洛杉矶,250 ms
104.25.7.128,LAX,北美洲,洛杉矶,252 ms
172.67.48.153,LAX,北美洲,洛杉矶,252 ms
104.21.20.53,LAX,北美洲,洛杉矶,252 ms
104.24.51.203,LAX,北美洲,洛杉矶,254 ms
172.67.164.63,LAX,北美洲,洛杉矶,260 ms
172.64.232.254,NRT,亚太地区,东京,340 ms
